Type,Message
Main,"Hello {Name}, I wanted to ask something about {Address}. Do you still own it? Can we hop on a quick call?"
Main,"Hello {Name}, I wanted to ask something about {Address}. Do you still have the place at Give me a shout!?"
Main,"Hello {Name}, I wanted to ask something about {Address}. Do you still have the place at Can we hop on a quick call?"
Main,"Hello {Name}, I wanted to ask something about {Address}. Do you still have the place at Can we talk?"
Main,"Hello {Name}, I wanted to ask something about {Address}. Do you still own it? Give me a shout!?"
Main,"Hello {Name}, I wanted to ask something about {Address}. Do you still own it? Can we talk?"
Main,"Hello {Name}, I wanted to ask something about {Address}. Is the property still under your ownership? Give me a shout!?"
Main,"Hello {Name}, I wanted to ask something about {Address}. Is the property still under your ownership? Can we hop on a quick call?"
Main,"Hello {Name}, I wanted to ask something about {Address}. Is the property still under your ownership? Can we talk?"
Main,"Hello {Name}, I had a quick question about {Address}. Do you still have the place at Give me a shout!?"
Main,"Hello {Name}, I had a quick question about {Address}. Do you still have the place at Can we hop on a quick call?"
Main,"Hello {Name}, I had a quick question about {Address}. Do you still have the place at Can we talk?"
Main,"Hello {Name}, I had a quick question about {Address}. Do you still own it? Give me a shout!?"
Main,"Hello {Name}, I had a quick question about {Address}. Do you still own it? Can we hop on a quick call?"
Main,"Hello {Name}, I had a quick question about {Address}. Do you still own it? Can we talk?"
Main,"Hello {Name}, I had a quick question about {Address}. Is the property still under your ownership? Give me a shout!?"
Main,"Hello {Name}, I had a quick question about {Address}. Is the property still under your ownership? Can we hop on a quick call?"
Main,"Hello {Name}, I had a quick question about {Address}. Is the property still under your ownership? Can we talk?"
Main,"Hello {Name}, I wanted to check about {Address}. Do you still have the place at Give me a shout!?"
Main,"Hello {Name}, I wanted to check about {Address}. Do you still have the place at Can we hop on a quick call?"
Main,"Hello {Name}, I wanted to check about {Address}. Do you still have the place at Can we talk?"
Main,"Hello {Name}, I wanted to check about {Address}. Do you still own it? Give me a shout!?"
Main,"Hello {Name}, I wanted to check about {Address}. Do you still own it? Can we hop on a quick call?"
Main,"Hello {Name}, I wanted to check about {Address}. Do you still own it? Can we talk?"
Main,"Hello {Name}, I wanted to check about {Address}. Is the property still under your ownership? Give me a shout!?"
Main,"Hello {Name}, I wanted to check about {Address}. Is the property still under your ownership? Can we hop on a quick call?"
Main,"Hello {Name}, I wanted to check about {Address}. Is the property still under your ownership? Can we talk?"
Main,"Hi {Name}, I wanted to ask something about {Address}. Do you still have the place at Give me a shout!?"
Main,"Hi {Name}, I wanted to ask something about {Address}. Do you still have the place at Can we hop on a quick call?"
Main,"Hi {Name}, I wanted to ask something about {Address}. Do you still have the place at Can we talk?"
Main,"Hi {Name}, I wanted to ask something about {Address}. Do you still own it? Give me a shout!?"
Main,"Hi {Name}, I wanted to ask something about {Address}. Do you still own it? Can we hop on a quick call?"
Main,"Hi {Name}, I wanted to ask something about {Address}. Do you still own it? Can we talk?"
Main,"Hi {Name}, I wanted to ask something about {Address}. Is the property still under your ownership? Give me a shout!?"
Main,"Hi {Name}, I wanted to ask something about {Address}. Is the property still under your ownership? Can we hop on a quick call?"
Main,"Hi {Name}, I wanted to ask something about {Address}. Is the property still under your ownership? Can we talk?"
Main,"Hi {Name}, I had a quick question about {Address}. Do you still have the place at Give me a shout!?"
Main,"Hi {Name}, I had a quick question about {Address}. Do you still have the place at Can we hop on a quick call?"
Main,"Hi {Name}, I had a quick question about {Address}. Do you still have the place at Can we talk?"
Main,"Hi {Name}, I had a quick question about {Address}. Do you still own it? Give me a shout!?"
Main,"Hi {Name}, I had a quick question about {Address}. Do you still own it? Can we hop on a quick call?"
Main,"Hi {Name}, I had a quick question about {Address}. Do you still own it? Can we talk?"
Main,"Hi {Name}, I had a quick question about {Address}. Is the property still under your ownership? Give me a shout!?"
Main,"Hi {Name}, I had a quick question about {Address}. Is the property still under your ownership? Can we hop on a quick call?"
Main,"Hi {Name}, I had a quick question about {Address}. Is the property still under your ownership? Can we talk?"
Main,"Hi {Name}, I wanted to check about {Address}. Do you still have the place at Give me a shout!?"
Main,"Hi {Name}, I wanted to check about {Address}. Do you still have the place at Can we hop on a quick call?"
Main,"Hi {Name}, I wanted to check about {Address}. Do you still have the place at Can we talk?"
Main,"Hi {Name}, I wanted to check about {Address}. Do you still own it? Give me a shout!?"
Main,"Hi {Name}, I wanted to check about {Address}. Do you still own it? Can we hop on a quick call?"
Main,"Hi {Name}, I wanted to check about {Address}. Do you still own it? Can we talk?"
Main,"Hi {Name}, I wanted to check about {Address}. Is the property still under your ownership? Give me a shout!?"
Main,"Hi {Name}, I wanted to check about {Address}. Is the property still under your ownership? Can we hop on a quick call?"
Main,"Hi {Name}, I wanted to check about {Address}. Is the property still under your ownership? Can we talk?"
Main,"Hey {Name}, I wanted to ask something about {Address}. Do you still have the place at Give me a shout!?"
Main,"Hey {Name}, I wanted to ask something about {Address}. Do you still have the place at Can we hop on a quick call?"
Main,"Hey {Name}, I wanted to ask something about {Address}. Do you still have the place at Can we talk?"
Main,"Hey {Name}, I wanted to ask something about {Address}. Do you still own it? Give me a shout!?"
Main,"Hey {Name}, I wanted to ask something about {Address}. Do you still own it? Can we hop on a quick call?"
Main,"Hey {Name}, I wanted to ask something about {Address}. Do you still own it? Can we talk?"
Main,"Hey {Name}, I wanted to ask something about {Address}. Is the property still under your ownership? Give me a shout!?"
Main,"Hey {Name}, I wanted to ask something about {Address}. Is the property still under your ownership? Can we hop on a quick call?"
Main,"Hey {Name}, I wanted to ask something about {Address}. Is the property still under your ownership? Can we talk?"
Main,"Hey {Name}, I had a quick question about {Address}. Do you still have the place at Give me a shout!?"
Main,"Hey {Name}, I had a quick question about {Address}. Do you still have the place at Can we hop on a quick call?"
Main,"Hey {Name}, I had a quick question about {Address}. Do you still have the place at Can we talk?"
Main,"Hey {Name}, I had a quick question about {Address}. Do you still own it? Give me a shout!?"
Main,"Hey {Name}, I had a quick question about {Address}. Do you still own it? Can we hop on a quick call?"
Main,"Hey {Name}, I had a quick question about {Address}. Do you still own it? Can we talk?"
Main,"Hey {Name}, I had a quick question about {Address}. Is the property still under your ownership? Give me a shout!?"
Main,"Hey {Name}, I had a quick question about {Address}. Is the property still under your ownership? Can we hop on a quick call?"
Main,"Hey {Name}, I had a quick question about {Address}. Is the property still under your ownership? Can we talk?"
Main,"Hey {Name}, I wanted to check about {Address}. Do you still have the place at Give me a shout!?"
Main,"Hey {Name}, I wanted to check about {Address}. Do you still have the place at Can we hop on a quick call?"
Main,"Hey {Name}, I wanted to check about {Address}. Do you still have the place at Can we talk?"
Main,"Hey {Name}, I wanted to check about {Address}. Do you still own it? Give me a shout!?"
Main,"Hey {Name}, I wanted to check about {Address}. Do you still own it? Can we hop on a quick call?"
Main,"Hey {Name}, I wanted to check about {Address}. Do you still own it? Can we talk?"
Main,"Hey {Name}, I wanted to check about {Address}. Is the property still under your ownership? Give me a shout!?"
Main,"Hey {Name}, I wanted to check about {Address}. Is the property still under your ownership? Can we hop on a quick call?"
Main,"Hey {Name}, I wanted to check about {Address}. Is the property still under your ownership? Can we talk?"
Main,"Good day {Name}, I hope you're doing well. About {Address}, is it still yours? Can we hop on a call?"
Main,"Good day {Name}, I hope you're doing well. About {Address}, is it still yours? Can I speak to you?"
Main,"Good day {Name}, I hope you're doing well. About {Address}, is it still yours? Can we discuss?"
Main,"Good day {Name}, I hope you're doing well. About {Address}, is it still yours? can I call you?"
Main,"Good day {Name}, I hope you're doing well. About {Address}, Do you still own it? Can we hop on a call?"
Main,"Good day {Name}, I hope you're doing well. About {Address}, Do you still own it? Can I speak to you?"
Main,"Good day {Name}, I hope you're doing well. About {Address}, Do you still own it? Can we discuss?"
Main,"Good day {Name}, I hope you're doing well. About {Address}, Do you still own it? can I call you?"
Main,"Good day {Name}, I hope you're doing well. About {Address}, are you still connected to it Can we hop on a call?"
Main,"Good day {Name}, I hope you're doing well. About {Address}, are you still connected to it Can I speak to you?"
Main,"Good day {Name}, I hope you're doing well. About {Address}, are you still connected to it Can we discuss?"
Main,"Good day {Name}, I hope you're doing well. About {Address}, are you still connected to it can I call you?"
Main,"Good day {Name}, I hope you're doing well. About {Address}, are you still associated with it? Can we hop on a call?"
Main,"Good day {Name}, I hope you're doing well. About {Address}, are you still associated with it? Can I speak to you?"
Main,"Good day {Name}, I hope you're doing well. About {Address}, are you still associated with it? Can we discuss?"
Main,"Good day {Name}, I hope you're doing well. About {Address}, are you still associated with it? can I call you?"
Main,"Good day {Name}, Just following up about {Address}, is it still yours? Can we hop on a call?"
Main,"Good day {Name}, Just following up about {Address}, is it still yours? Can I speak to you?"
Main,"Good day {Name}, Just following up about {Address}, is it still yours? Can we discuss?"
Main,"How's it going {Name}, I hope you're doing well. About {Address}, do you still own it? Can we hop on a call?"
Main,"How's it going {Name}, I hope you're doing well. About {Address}, do you still own it? Can I speak to you?"
Main,"How's it going {Name}, I hope you're doing well. About {Address}, do you still own it? Can we discuss?"
Main,"How's it going {Name}, I hope you're doing well. About {Address}, do you still own it? can I call you?"
Main,"How's it going {Name}, I hope you're doing well. About {Address}, are you still connected to it Can we hop on a call?"
Main,"How's it going {Name}, I hope you're doing well. About {Address}, are you still connected to it Can I speak to you?"
Main,"How's it going {Name}, I hope you're doing well. About {Address}, are you still connected to it Can we discuss?"
Main,"How's it going {Name}, I hope you're doing well. About {Address}, are you still connected to it can I call you?"
Main,"How's it going {Name}, I hope you're doing well. About {Address}, are you still associated with it? Can we hop on a call?"
Main,"How's it going {Name}, I hope you're doing well. About {Address}, are you still associated with it? Can I speak to you?"
Main,"How's it going {Name}, I hope you're doing well. About {Address}, are you still associated with it? Can we discuss?"
Main,"How's it going {Name}, I hope you're doing well. About {Address}, are you still associated with it? can I call you?"
Main,"How's it going {Name}, Just following up about {Address}, is it still yours? Can we hop on a call?"
Main,"How's it going {Name}, Just following up about {Address}, is it still yours? Can I speak to you?"
Main,"How's it going {Name}, Just following up about {Address}, is it still yours? Can we discuss?"
Main,"How's it going {Name}, Just following up about {Address}, is it still yours? can I call you?"
Main,"How's it going {Name}, Just following up about {Address}, do you still own it? Can we hop on a call?"
Main,"How's it going {Name}, Just following up about {Address}, do you still own it? Can I speak to you?"
Main,"How's it going {Name}, Just following up about {Address}, do you still own it? Can we discuss?"
Main,"How's it going {Name}, Just following up about {Address}, do you still own it? can I call you?"
Main,"How's it going {Name}, Just following up about {Address}, are you still connected to it Can we hop on a call?"
Main,"How's it going {Name}, Just following up about {Address}, are you still connected to it Can I speak to you?"
Main,"How's it going {Name}, Just following up about {Address}, are you still connected to it Can we discuss?"
Main,"How's it going {Name}, Just following up about {Address}, are you still connected to it can I call you?"
Main,"How's it going {Name}, Just following up about {Address}, are you still associated with it? Can we hop on a call?"
Main,"How's it going {Name}, Just following up about {Address}, are you still associated with it? Can I speak to you?"
Main,"How's it going {Name}, Just following up about {Address}, are you still associated with it? Can we discuss?"
Main,"How's it going {Name}, Just following up about {Address}, are you still associated with it? can I call you?"
Main,"How's it going {Name}, Quick question for u about {Address}, is it still yours? Can we hop on a call?"
Main,"How's it going {Name}, Quick question for u about {Address}, is it still yours? Can I speak to you?"
Main,"How's it going {Name}, Quick question for u about {Address}, is it still yours? Can we discuss?"
Main,"How's it going {Name}, Quick question for u about {Address}, is it still yours? can I call you?"
Main,"How's it going {Name}, Quick question for u about {Address}, do you still own it? Can we hop on a call?"
Main,"How's it going {Name}, Quick question for u about {Address}, do you still own it? Can I speak to you?"
Main,"How's it going {Name}, Quick question for u about {Address}, do you still own it? Can we discuss?"
Main,"How's it going {Name}, Quick question for u about {Address}, do you still own it? can I call you?"
Main,"How's it going {Name}, Quick question for u about {Address}, are you still connected to it Can we hop on a call?"
Main,"How's it going {Name}, Quick question for u about {Address}, are you still connected to it Can I speak to you?"
Main,"How's it going {Name}, Quick question for u about {Address}, are you still connected to it Can we discuss?"
Main,"How's it going {Name}, Quick question for u about {Address}, are you still connected to it can I call you?"
Main,"How are you {Name}, I hope you're doing well. About {Address}, are you still connected to it can I call you?"
Main,"How are you {Name}, I hope you're doing well. About {Address}, are you still associated with it? Can we hop on a call?"
Main,"How are you {Name}, I hope you're doing well. About {Address}, are you still associated with it? Can I speak to you?"
Main,"How are you {Name}, I hope you're doing well. About {Address}, are you still associated with it? Can we discuss?"
Main,"How are you {Name}, I hope you're doing well. About {Address}, are you still associated with it? can I call you?"
Main,"How are you {Name}, Just following up about {Address}, is it still yours? Can we hop on a call?"
Main,"How are you {Name}, Just following up about {Address}, is it still yours? Can I speak to you?"
Main,"How are you {Name}, Just following up about {Address}, is it still yours? Can we discuss?"
Main,"How are you {Name}, Just following up about {Address}, is it still yours? can I call you?"
Main,"How are you {Name}, Just following up about {Address}, do you still own it? Can we hop on a call?"
Main,"How are you {Name}, Just following up about {Address}, do you still own it? Can I speak to you?"
Main,"How are you {Name}, Just following up about {Address}, do you still own it? Can we discuss?"
Main,"How are you {Name}, Just following up about {Address}, do you still own it? can I call you?"
Main,"How are you {Name}, Just following up about {Address}, are you still connected to it Can we hop on a call?"
Main,"How are you {Name}, Just following up about {Address}, are you still connected to it Can I speak to you?"
Main,"How are you {Name}, Just following up about {Address}, are you still connected to it Can we discuss?"
Main,"How are you {Name}, Just following up about {Address}, are you still connected to it can I call you?"
Main,"How are you {Name}, Just following up about {Address}, are you still associated with it? Can we hop on a call?"
Main,"How are you {Name}, Just following up about {Address}, are you still associated with it? Can I speak to you?"
Main,"How are you {Name}, Just following up about {Address}, are you still associated with it? Can we discuss?"
Main,"How are you {Name}, Just following up about {Address}, are you still associated with it? can I call you?"
Main,"How are you {Name}, Quick question for u about {Address}, is it still yours? Can we hop on a call?"
Main,"How are you {Name}, Quick question for u about {Address}, is it still yours? Can I speak to you?"
Main,"How are you {Name}, Quick question for u about {Address}, is it still yours? Can we discuss?"
Main,"How are you {Name}, Quick question for u about {Address}, is it still yours? can I call you?"
Main,"How are you {Name}, Quick question for u about {Address}, do you still own it? Can we hop on a call?"
Main,"How are you {Name}, Quick question for u about {Address}, do you still own it? Can I speak to you?"
Main,"How are you {Name}, Quick question for u about {Address}, do you still own it? Can we discuss?"
Main,"How are you {Name}, Quick question for u about {Address}, do you still own it? can I call you?"
Main,"How are you {Name}, Quick question for u about {Address}, are you still connected to it Can we hop on a call?"
Main,"How are you {Name}, Quick question for u about {Address}, are you still connected to it Can I speak to you?"
Main,"How are you {Name}, Quick question for u about {Address}, are you still connected to it Can we discuss?"
Main,"How are you {Name}, Quick question for u about {Address}, are you still connected to it can I call you?"
Main,"How are you {Name}, Quick question for u about {Address}, are you still associated with it? Can we hop on a call?"
Main,"How are you {Name}, Quick question for u about {Address}, are you still associated with it? Can I speak to you?"
Main,"How are you {Name}, Quick question for u about {Address}, are you still associated with it? Can we discuss?"
Main,"How are you {Name}, Quick question for u about {Address}, are you still associated with it? can I call you?"
Main,"How's it going {Name}, I hope you're doing well. About {Address}, is it still yours? Can we hop on a call?"
Main,"How's it going {Name}, I hope you're doing well. About {Address}, is it still yours? Can I speak to you?"
Main,"How's it going {Name}, I hope you're doing well. About {Address}, is it still yours? Can we discuss?"
Main,"How's it going {Name}, I hope you're doing well. About {Address}, is it still yours? can I call you?"
Main,"How's it going {Name}, I hope you're doing well. About {Address}, do you still own it? Can we hop on a call?"
Main,"How's it going {Name}, I hope you're doing well. About {Address}, do you still own it? Can I speak to you?"
Main,"How's it going {Name}, I hope you're doing well. About {Address}, do you still own it? Can we discuss?"
Main,"How's it going {Name}, I hope you're doing well. About {Address}, do you still own it? can I call you?"
Main,"How's it going {Name}, I hope you're doing well. About {Address}, are you still connected to it Can we hop on a call?"
Main,"How's it going {Name}, I hope you're doing well. About {Address}, are you still connected to it Can I speak to you?"
Main,"How's it going {Name}, I hope you're doing well. About {Address}, are you still connected to it Can we discuss?"
Main,"How's it going {Name}, I hope you're doing well. About {Address}, are you still connected to it can I call you?"
Main,"How's it going {Name}, I hope you're doing well. About {Address}, are you still associated with it? Can we hop on a call?"
Main,"How's it going {Name}, I hope you're doing well. About {Address}, is it still yours? can I call you?"
Main,"How's it going {Name}, I hope you're doing well. About {Address}, do you still own it? Can we hop on a call?"
Main,"How's it going {Name}, I hope you're doing well. About {Address}, do you still own it? Can I speak to you?"
Main,"How's it going {Name}, I hope you're doing well. About {Address}, do you still own it? Can we discuss?"
Main,"How's it going {Name}, I hope you're doing well. About {Address}, do you still own it? can I call you?"
Main,"How's it going {Name}, I hope you're doing well. About {Address}, are you still connected to it Can we hop on a call?"
Main,"How's it going {Name}, I hope you're doing well. About {Address}, are you still connected to it Can I speak to you?"
Main,"How's it going {Name}, I hope you're doing well. About {Address}, are you still connected to it Can we discuss?"
Main,"How's it going {Name}, I hope you're doing well. About {Address}, are you still connected to it can I call you?"
Main,"How's it going {Name}, I hope you're doing well. About {Address}, are you still associated with it? Can we hop on a call?"
Main,"How's it going {Name}, I hope you're doing well. About {Address}, are you still associated with it? Can I speak to you?"
Main,"How's it going {Name}, I hope you're doing well. About {Address}, are you still associated with it? Can we discuss?"
Main,"How's it going {Name}, I hope you're doing well. About {Address}, are you still associated with it? can I call you?"
Main,"How's it going {Name}, Just following up about {Address}, is it still yours? Can we hop on a call?"
Main,"How's it going {Name}, Just following up about {Address}, is it still yours? Can I speak to you?"
Main,"How's it going {Name}, Just following up about {Address}, is it still yours? Can we discuss?"
Main,"How's it going {Name}, Just following up about {Address}, is it still yours? can I call you?"
Main,"How's it going {Name}, Just following up about {Address}, do you still own it? Can we hop on a call?"
Main,"How's it going {Name}, Just following up about {Address}, do you still own it? Can I speak to you?"
Main,"How's it going {Name}, Just following up about {Address}, do you still own it? Can we discuss?"
Main,"How's it going {Name}, Just following up about {Address}, do you still own it? can I call you?"
Main,"How's it going {Name}, Just following up about {Address}, are you still connected to it Can we hop on a call?"
Main,"How's it going {Name}, Just following up about {Address}, are you still connected to it Can I speak to you?"
Main,"How's it going {Name}, Just following up about {Address}, are you still connected to it Can we discuss?"
Main,"How's it going {Name}, Just following up about {Address}, are you still connected to it can I call you?"
Main,"How's it going {Name}, Just following up about {Address}, are you still associated with it? Can we hop on a call?"
Main,"How's it going {Name}, Just following up about {Address}, are you still associated with it? Can I speak to you?"
Main,"How's it going {Name}, Just following up about {Address}, are you still associated with it? Can we discuss?"
Main,"How's it going {Name}, Just following up about {Address}, are you still associated with it? can I call you?"
Main,"How's it going {Name}, Quick question for u about {Address}, is it still yours? Can we hop on a call?"
Main,"How's it going {Name}, Quick question for u about {Address}, is it still yours? Can I speak to you?"
Main,"How's it going {Name}, Quick question for u about {Address}, is it still yours? Can we discuss?"
Main,"How's it going {Name}, Quick question for u about {Address}, is it still yours? can I call you?"
Main,"How's it going {Name}, Quick question for u about {Address}, do you still own it? Can we hop on a call?"
Main,"How's it going {Name}, Quick question for u about {Address}, do you still own it? Can I speak to you?"
Main,"How's it going {Name}, Quick question for u about {Address}, do you still own it? Can we discuss?"
Main,"How's it going {Name}, Quick question for u about {Address}, do you still own it? can I call you?"
Main,"How's it going {Name}, Quick question for u about {Address}, are you still connected to it Can we hop on a call?"
Main,"How's it going {Name}, Quick question for u about {Address}, are you still connected to it Can I speak to you?"
Main,"How's it going {Name}, Quick question for u about {Address}, are you still connected to it Can we discuss?"
Main,"How's it going {Name}, Quick question for u about {Address}, are you still connected to it can I call you?"
Main,"How's it going {Name}, Quick question for u about {Address}, are you still associated with it? Can we hop on a call?"
Main,"How's it going {Name}, Quick question for u about {Address}, are you still associated with it? Can I speak to you?"
Main,"How's it going {Name}, Quick question for u about {Address}, are you still associated with it? Can we discuss?"
Main,"How's it going {Name}, Quick question for u about {Address}, are you still associated with it? can I call you?"
Main,"Hi {Name}. If you don't mind me asking, do you still own {Address}? Can we talk?"
Main,"Hi {Name}. If you don't mind me asking, do you still own {Address}? Can I call you?"
Main,"Hi {Name}. If you don't mind me asking, do you still own {Address}? May I call you?"
Main,"Hi {Name}. If you don't mind me asking, do you still own {Address}? May I speak to you?"
Main,"Hi {Name}. If you don't mind me asking, are you still connected to {Address}? Can we talk?"
Main,"Hi {Name}. If you don't mind me asking, are you still connected to {Address}? Can I call you?"
Main,"Hi {Name}. If you don't mind me asking, are you still connected to {Address}? May I call you?"
Main,"Hi {Name}. If you don't mind me asking, are you still connected to {Address}? May I speak to you?"
Main,"Hi {Name}. If you don't mind me asking, are you still associated with {Address}? Can we talk?"
Main,"Hi {Name}. If you don't mind me asking, are you still associated with {Address}? Can I call you?"
Main,"Hi {Name}. If you don't mind me asking, are you still associated with {Address}? May I call you?"
Main,"Hi {Name}. If you don't mind me asking, are you still associated with {Address}? May I speak to you?"
Main,"Hi {Name}. If you don't mind me asking, do you still have the place at {Address}? Can we talk?"
Main,"Hi {Name}. If you don't mind me asking, do you still have the place at {Address}? Can I call you?"
Main,"Hi {Name}. If you don't mind me asking, do you still have the place at {Address}? May I call you?"
Main,"Hi {Name}. If you don't mind me asking, do you still have the place at {Address}? May I speak to you?"
Main,"Hi {Name}. Mind if I ask, do you still own {Address}? Can we talk?"
Main,"Hi {Name}. Mind if I ask, do you still own {Address}? Can I call you?"
Main,"Hi {Name}. Mind if I ask, do you still own {Address}? May I call you?"
Main,"Hi {Name}. Mind if I ask, do you still own {Address}? May I speak to you?"
Main,"Hi {Name}. Mind if I ask, are you still connected to {Address}? Can we talk?"
Main,"Hi {Name}. Mind if I ask, are you still connected to {Address}? Can I call you?"
Main,"Hi {Name}. Mind if I ask, are you still connected to {Address}? May I call you?"
Main,"Hi {Name}. Mind if I ask, are you still connected to {Address}? May I speak to you?"
Main,"Hi {Name}. Mind if I ask, are you still associated with {Address}? Can we talk?"
Main,"Hi {Name}. Mind if I ask, are you still associated with {Address}? Can I call you?"
Main,"Hi {Name}. Mind if I ask, are you still associated with {Address}? May I call you?"
Main,"Hi {Name}. Mind if I ask, are you still associated with {Address}? May I speak to you?"
Main,"Hi {Name}. Mind if I ask, do you still have the place at {Address}? Can we talk?"
Main,"Hi {Name}. Mind if I ask, do you still have the place at {Address}? Can I call you?"
Main,"Hi {Name}. Mind if I ask, do you still have the place at {Address}? May I call you?"
Main,"Hi {Name}. Mind if I ask, do you still have the place at {Address}? May I speak to you?"
Main,"Hi {Name}. If I may ask, do you still own {Address}? Can we talk?"
Main,"Hi {Name}. If I may ask, do you still own {Address}? Can I call you?"
Main,"Hi {Name}. If I may ask, do you still own {Address}? May I call you?"
Main,"Hi {Name}. If I may ask, do you still own {Address}? May I speak to you?"
Main,"Hi {Name}. If I may ask, are you still connected to {Address}? Can we talk?"
Main,"Hi {Name}. If I may ask, are you still connected to {Address}? Can I call you?"
Main,"Hi {Name}. If I may ask, are you still connected to {Address}? May I call you?"
Main,"Hi {Name}. If I may ask, are you still connected to {Address}? May I speak to you?"
Main,"Hi {Name}. If I may ask, are you still associated with {Address}? Can we talk?"
Main,"Hi {Name}. If I may ask, are you still associated with {Address}? Can I call you?"
Main,"Hi {Name}. If I may ask, are you still associated with {Address}? May I call you?"
Main,"Hi {Name}. If I may ask, are you still associated with {Address}? May I speak to you?"
Main,"Hi {Name}. If I may ask, do you still have the place at {Address}? Can we talk?"
Main,"Hi {Name}. If I may ask, do you still have the place at {Address}? Can I call you?"
Main,"Hi {Name}. If I may ask, do you still have the place at {Address}? May I call you?"
Main,"Hi {Name}. If I may ask, do you still have the place at {Address}? May I speak to you?"
Main,"Hello {Name}. If you don't mind me asking, do you still own {Address}? Can we talk?"
Main,"Hello {Name}. If you don't mind me asking, do you still own {Address}? Can I call you?"
Main,"Hello {Name}. If you don't mind me asking, do you still own {Address}? May I call you?"
Main,"Hello {Name}. If you don't mind me asking, do you still own {Address}? May I speak to you?"
Main,"Hello {Name}. If you don't mind me asking, are you still connected to {Address}? Can we talk?"
Main,"Hello {Name}. If you don't mind me asking, are you still connected to {Address}? Can I call you?"
Main,"Hello {Name}. If you don't mind me asking, are you still connected to {Address}? May I call you?"
Main,"Hello {Name}. If you don't mind me asking, are you still connected to {Address}? May I speak to you?"
Main,"Hello {Name}. If you don't mind me asking, are you still associated with {Address}? Can we talk?"
Main,"Hello {Name}. If you don't mind me asking, are you still associated with {Address}? Can I call you?"
Main,"Hello {Name}. If you don't mind me asking, are you still associated with {Address}? May I call you?"
Main,"Hello {Name}. If you don't mind me asking, are you still associated with {Address}? May I speak to you?"
Main,"Hello {Name}. If you don't mind me asking, do you still have the place at {Address}? Can we talk?"
Main,"Hello {Name}. If you don't mind me asking, do you still have the place at {Address}? Can I call you?"
Main,"Hello {Name}. If you don't mind me asking, do you still have the place at {Address}? May I call you?"
Main,"Hello {Name}. If you don't mind me asking, do you still have the place at {Address}? May I speak to you?"
Main,"Hello {Name}. Mind if I ask, do you still own {Address}? Can we talk?"
Main,"Hello {Name}. Mind if I ask, do you still own {Address}? Can I call you?"
Main,"Hello {Name}. Mind if I ask, do you still own {Address}? May I call you?"
Main,"Hello {Name}. Mind if I ask, do you still own {Address}? May I speak to you?"
Main,"Hello {Name}. Mind if I ask, are you still connected to {Address}? Can we talk?"
Main,"Hello {Name}. Mind if I ask, are you still connected to {Address}? Can I call you?"
Main,"Hello {Name}. Mind if I ask, are you still connected to {Address}? May I call you?"
Main,"Hello {Name}. Mind if I ask, are you still connected to {Address}? May I speak to you?"
Main,"Hello {Name}. Mind if I ask, are you still associated with {Address}? Can we talk?"
Main,"Hello {Name}. Mind if I ask, are you still associated with {Address}? Can I call you?"
Main,"Hello {Name}. Mind if I ask, are you still associated with {Address}? May I call you?"
Main,"Hello {Name}. Mind if I ask, are you still associated with {Address}? May I speak to you?"
Main,"Hello {Name}. Mind if I ask, do you still have the place at {Address}? Can we talk?"
Main,"Hello {Name}. Mind if I ask, do you still have the place at {Address}? Can I call you?"
Main,"Hello {Name}. Mind if I ask, do you still have the place at {Address}? May I call you?"
Main,"Hello {Name}. Mind if I ask, do you still have the place at {Address}? May I speak to you?"
Main,"Hello {Name}. If I may ask, do you still own {Address}? Can we talk?"
Main,"Hello {Name}. If I may ask, do you still own {Address}? Can I call you?"
Main,"Hello {Name}. If I may ask, do you still own {Address}? May I call you?"
Main,"Hello {Name}. If I may ask, do you still own {Address}? May I speak to you?"
Main,"Hello {Name}. If I may ask, are you still connected to {Address}? Can we talk?"
Main,"Hello {Name}. If I may ask, are you still connected to {Address}? Can I call you?"
Main,"Hello {Name}. If I may ask, are you still connected to {Address}? May I call you?"
Main,"Hello {Name}. If I may ask, are you still connected to {Address}? May I speak to you?"
Main,"Hello {Name}. If I may ask, are you still associated with {Address}? Can we talk?"
Main,"Hello {Name}. If I may ask, are you still associated with {Address}? Can I call you?"
Main,"Hello {Name}. If I may ask, are you still associated with {Address}? May I call you?"
Main,"Hello {Name}. If I may ask, are you still associated with {Address}? May I speak to you?"
Main,"Hello {Name}. If I may ask, do you still have the place at {Address}? Can we talk?"
Main,"Hello {Name}. If I may ask, do you still have the place at {Address}? Can I call you?"
Main,"Hello {Name}. If I may ask, do you still have the place at {Address}? May I call you?"
Main,"Hello {Name}. If I may ask, do you still have the place at {Address}? May I speak to you?"
Main,"Hey {Name}. If you don't mind me asking, do you still own {Address}? Can we talk?"
Main,"Hey {Name}. If you don't mind me asking, do you still own {Address}? Can I call you?"
Main,"Hey {Name}. If you don't mind me asking, do you still own {Address}? May I call you?"
Main,"Hey {Name}. If you don't mind me asking, do you still own {Address}? May I speak to you?"
Main,"Hey {Name}. If you don't mind me asking, are you still connected to {Address}? Can we talk?"
Main,"Hey {Name}. If you don't mind me asking, are you still connected to {Address}? Can I call you?"
Main,"Hey {Name}. If you don't mind me asking, are you still connected to {Address}? May I call you?"
Main,"Hey {Name}. If you don't mind me asking, are you still connected to {Address}? May I speak to you?"
Main,"Hey {Name}. If you don't mind me asking, are you still associated with {Address}? Can we talk?"
Main,"Hey {Name}. If you don't mind me asking, are you still associated with {Address}? Can I call you?"
Main,"Hey {Name}. If you don't mind me asking, are you still associated with {Address}? May I call you?"
Main,"Hey {Name}. If you don't mind me asking, are you still associated with {Address}? May I speak to you?"
Main,"Hey {Name}. If you don't mind me asking, do you still have the place at {Address}? Can we talk?"
Main,"Hey {Name}. If you don't mind me asking, do you still have the place at {Address}? Can I call you?"
Main,"Hey {Name}. If you don't mind me asking, do you still have the place at {Address}? May I call you?"
Main,"Hey {Name}. If you don't mind me asking, do you still have the place at {Address}? May I speak to you?"
Main,"Hey {Name}. Mind if I ask, do you still own {Address}? Can we talk?"
Main,"Hey {Name}. Mind if I ask, do you still own {Address}? Can I call you?"
Main,"Hey {Name}. Mind if I ask, do you still own {Address}? May I call you?"
Main,"Hey {Name}. Mind if I ask, do you still own {Address}? May I speak to you?"
Main,"Hey {Name}. Mind if I ask, are you still connected to {Address}? Can we talk?"
Main,"Hey {Name}. Mind if I ask, are you still connected to {Address}? Can I call you?"
Main,"Hey {Name}. Mind if I ask, are you still connected to {Address}? May I call you?"
Main,"Hey {Name}. Mind if I ask, are you still connected to {Address}? May I speak to you?"
Main,"Hey {Name}. Mind if I ask, are you still associated with {Address}? Can we talk?"
Main,"Hey {Name}. Mind if I ask, are you still associated with {Address}? Can I call you?"
Main,"Hey {Name}. Mind if I ask, are you still associated with {Address}? May I call you?"
Main,"Hey {Name}. Mind if I ask, are you still associated with {Address}? May I speak to you?"
Main,"Hey {Name}. Mind if I ask, do you still have the place at {Address}? Can we talk?"
Main,"Hey {Name}. Mind if I ask, do you still have the place at {Address}? Can I call you?"
Main,"Hey {Name}. Mind if I ask, do you still have the place at {Address}? May I call you?"
Main,"Hey {Name}. Mind if I ask, do you still have the place at {Address}? May I speak to you?"
Main,"Hey {Name}. If I may ask, do you still own {Address}? Can we talk?"
Main,"Hey {Name}. If I may ask, do you still own {Address}? Can I call you?"
Main,"Hey {Name}. If I may ask, do you still own {Address}? May I call you?"
Main,"Hey {Name}. If I may ask, do you still own {Address}? May I speak to you?"
Main,"Hey {Name}. If I may ask, are you still connected to {Address}? Can we talk?"
Main,"Hey {Name}. If I may ask, are you still connected to {Address}? Can I call you?"
Main,"Hey {Name}. If I may ask, are you still connected to {Address}? May I call you?"
Main,"Hey {Name}. If I may ask, are you still connected to {Address}? May I speak to you?"
Main,"Hey {Name}. If I may ask, are you still associated with {Address}? Can we talk?"
Main,"Hey {Name}. If I may ask, are you still associated with {Address}? Can I call you?"
Main,"Hey {Name}. If I may ask, are you still associated with {Address}? May I call you?"
Main,"Hey {Name}. If I may ask, are you still associated with {Address}? May I speak to you?"
Main,"Hey {Name}. If I may ask, do you still have the place at {Address}? Can we talk?"
Main,"Hey {Name}. If I may ask, do you still have the place at {Address}? Can I call you?"
Main,"Hey {Name}. If I may ask, do you still have the place at {Address}? May I call you?"
Main,"Hey {Name}. If I may ask, do you still have the place at {Address}? May I speak to you?"
Main,"Good day {Name}. If you don't mind me asking, do you still own {Address}? Can we talk?"
Main,"Good day {Name}. If you don't mind me asking, do you still own {Address}? Can I call you?"
Main,"Good day {Name}. If you don't mind me asking, do you still own {Address}? May I call you?"
Main,"Good day {Name}. If you don't mind me asking, do you still own {Address}? May I speak to you?"
Main,"Good day {Name}. If you don't mind me asking, are you still connected to {Address}? Can we talk?"
Main,"Good day {Name}. If you don't mind me asking, are you still connected to {Address}? Can I call you?"
Main,"Good day {Name}. If you don't mind me asking, are you still connected to {Address}? May I call you?"
Main,"Good day {Name}. If you don't mind me asking, are you still connected to {Address}? May I speak to you?"
Main,"Good day {Name}. If you don't mind me asking, are you still associated with {Address}? Can we talk?"
Main,"Good day {Name}. If you don't mind me asking, are you still associated with {Address}? Can I call you?"
Main,"Good day {Name}. If you don't mind me asking, are you still associated with {Address}? May I call you?"
Main,"Good day {Name}. If you don't mind me asking, are you still associated with {Address}? May I speak to you?"
Main,"Good day {Name}. If you don't mind me asking, do you still have the place at {Address}? Can we talk?"
Main,"Good day {Name}. If you don't mind me asking, do you still have the place at {Address}? Can I call you?"
Main,"Good day {Name}. If you don't mind me asking, do you still have the place at {Address}? May I call you?"
Main,"Good day {Name}. If you don't mind me asking, do you still have the place at {Address}? May I speak to you?"
Main,"Good day {Name}. Mind if I ask, do you still own {Address}? Can we talk?"
Main,"Good day {Name}. Mind if I ask, do you still own {Address}? Can I call you?"
Main,"Good day {Name}. Mind if I ask, do you still own {Address}? May I call you?"
Main,"Good day {Name}. Mind if I ask, do you still own {Address}? May I speak to you?"
Main,"Good day {Name}. Mind if I ask, are you still connected to {Address}? Can we talk?"
Main,"Good day {Name}. Mind if I ask, are you still connected to {Address}? Can I call you?"
Main,"Good day {Name}. Mind if I ask, are you still connected to {Address}? May I call you?"
Main,"Good day {Name}. Mind if I ask, are you still connected to {Address}? May I speak to you?"
Main,"Good day {Name}. Mind if I ask, are you still associated with {Address}? Can we talk?"
Main,"Good day {Name}. Mind if I ask, are you still associated with {Address}? Can I call you?"
Main,"Good day {Name}. Mind if I ask, are you still associated with {Address}? May I call you?"
Main,"Good day {Name}. Mind if I ask, are you still associated with {Address}? May I speak to you?"
Main,"Good day {Name}. Mind if I ask, do you still have the place at {Address}? Can we talk?"
Main,"Good day {Name}. Mind if I ask, do you still have the place at {Address}? Can I call you?"
Main,"Good day {Name}. Mind if I ask, do you still have the place at {Address}? May I call you?"
Main,"Good day {Name}. Mind if I ask, do you still have the place at {Address}? May I speak to you?"
Main,"Good day {Name}. If I may ask, do you still own {Address}? Can we talk?"
Main,"Good day {Name}. If I may ask, do you still own {Address}? Can I call you?"
Main,"Good day {Name}. If I may ask, do you still own {Address}? May I call you?"
Main,"Good day {Name}. If I may ask, do you still own {Address}? May I speak to you?"
Main,"Good day {Name}. If I may ask, are you still connected to {Address}? Can we talk?"
Main,"Good day {Name}. If I may ask, are you still connected to {Address}? Can I call you?"
Main,"Good day {Name}. If I may ask, are you still connected to {Address}? May I call you?"
Main,"Good day {Name}. If I may ask, are you still connected to {Address}? May I speak to you?"
Main,"Good day {Name}. If I may ask, are you still associated with {Address}? Can we talk?"
Main,"Good day {Name}. If I may ask, are you still associated with {Address}? Can I call you?"
Main,"Good day {Name}. If I may ask, are you still associated with {Address}? May I call you?"
Main,"Good day {Name}. If I may ask, are you still associated with {Address}? May I speak to you?"
Main,"Good day {Name}. If I may ask, do you still have the place at {Address}? Can we talk?"
Main,"Good day {Name}. If I may ask, do you still have the place at {Address}? Can I call you?"
Main,"Good day {Name}. If I may ask, do you still have the place at {Address}? May I call you?"
Main,"Good day {Name}. If I may ask, do you still have the place at {Address}? May I speak to you?"
Main,Good day {Name}. Can we hop on a quick call about {Address}? Do you still own it? Appreciate you!
Main,Good day {Name}. Can we hop on a quick call about {Address}? Do you still own it? Appreciate it!
Main,"Good day {Name}. Can we hop on a quick call about {Address}? Do you still own it? Best, Kevin with Ace."
Main,Good day {Name}. Can we hop on a quick call about {Address}? Are you still connected to it? Appreciate you!
Main,Good day {Name}. Can we hop on a quick call about {Address}? Are you still connected to it? Appreciate it!
Main,"Good day {Name}. Can we hop on a quick call about {Address}? Are you still connected to it? Best, Kevin with Ace."
Main,Good day {Name}. Can we hop on a quick call about {Address}? Are you still associated with it? Appreciate you!
Main,Good day {Name}. Can we hop on a quick call about {Address}? Are you still associated with it? Appreciate it!
Main,"Good day {Name}. Can we hop on a quick call about {Address}? Are you still associated with it? Best, Kevin with Ace."
Main,Good day {Name}. Can we hop on a quick call about {Address}? Have you sold it? Appreciate you!
Main,Good day {Name}. Can we hop on a quick call about {Address}? Have you sold it? Appreciate it!
Main,"Good day {Name}. Can we hop on a quick call about {Address}? Have you sold it? Best, Kevin with Ace."
Main,Good day {Name}. Can I speak to you about {Address}? Do you still own it? Appreciate you!
Main,Good day {Name}. Can I speak to you about {Address}? Do you still own it? Appreciate it!
Main,"Good day {Name}. Can I speak to you about {Address}? Do you still own it? Best, Kevin with Ace."
Main,Good day {Name}. Can I speak to you about {Address}? Are you still connected to it? Appreciate you!
Main,Good day {Name}. Can I speak to you about {Address}? Are you still connected to it? Appreciate it!
Main,"Good day {Name}. Can I speak to you about {Address}? Are you still connected to it? Best, Kevin with Ace."
Main,Good day {Name}. Can I speak to you about {Address}? Are you still associated with it? Appreciate you!
Main,Good day {Name}. Can I speak to you about {Address}? Are you still associated with it? Appreciate it!
Main,"Good day {Name}. Can I speak to you about {Address}? Are you still associated with it? Best, Kevin with Ace."
Main,Good day {Name}. Can I speak to you about {Address}? Have you sold it? Appreciate you!
Main,Good day {Name}. Can I speak to you about {Address}? Have you sold it? Appreciate it!
Main,"Good day {Name}. Can I speak to you about {Address}? Have you sold it? Best, Kevin with Ace."
Main,Good day {Name}. May I call you about {Address}? Do you still own it? Appreciate you!
Main,Good day {Name}. May I call you about {Address}? Do you still own it? Appreciate it!
Main,"Good day {Name}. May I call you about {Address}? Do you still own it? Best, Kevin with Ace."
Main,Good day {Name}. May I call you about {Address}? Are you still connected to it? Appreciate you!
Main,Good day {Name}. May I call you about {Address}? Are you still connected to it? Appreciate it!
Main,"Good day {Name}. May I call you about {Address}? Are you still connected to it? Best, Kevin with Ace."
Main,Good day {Name}. May I call you about {Address}? Are you still associated with it? Appreciate you!
Main,Good day {Name}. May I call you about {Address}? Are you still associated with it? Appreciate it!
Main,"Good day {Name}. May I call you about {Address}? Are you still associated with it? Best, Kevin with Ace."
Main,Good day {Name}. May I call you about {Address}? Have you sold it? Appreciate you!
Main,Good day {Name}. May I call you about {Address}? Have you sold it? Appreciate it!
Main,"Good day {Name}. May I call you about {Address}? Have you sold it? Best, Kevin with Ace."
Main,Good day {Name}. May I speak to you about {Address}? Do you still own it? Appreciate you!
Main,Good day {Name}. May I speak to you about {Address}? Do you still own it? Appreciate it!
Main,"Good day {Name}. May I speak to you about {Address}? Do you still own it? Best, Kevin with Ace."
Main,Good day {Name}. May I speak to you about {Address}? Are you still connected to it? Appreciate you!
Main,Good day {Name}. May I speak to you about {Address}? Are you still connected to it? Appreciate it!
Main,"Good day {Name}. May I speak to you about {Address}? Are you still connected to it? Best, Kevin with Ace."
Main,Good day {Name}. May I speak to you about {Address}? Are you still associated with it? Appreciate you!
Main,Good day {Name}. May I speak to you about {Address}? Are you still associated with it? Appreciate it!
Main,"Good day {Name}. May I speak to you about {Address}? Are you still associated with it? Best, Kevin with Ace."
Main,Good day {Name}. May I speak to you about {Address}? Have you sold it? Appreciate you!
Main,Good day {Name}. May I speak to you about {Address}? Have you sold it? Appreciate it!
Main,"Good day {Name}. May I speak to you about {Address}? Have you sold it? Best, Kevin with Ace."
Main,How are you {Name}. Can we hop on a quick call about {Address}? Do you still own it? Appreciate you!
Main,How are you {Name}. Can we hop on a quick call about {Address}? Do you still own it? Appreciate it!
Main,"How are you {Name}. Can we hop on a quick call about {Address}? Do you still own it? Best, Kevin with Ace."
Main,How are you {Name}. Can we hop on a quick call about {Address}? Are you still connected to it? Appreciate you!
Main,How are you {Name}. Can we hop on a quick call about {Address}? Are you still connected to it? Appreciate it!
Main,"How are you {Name}. Can we hop on a quick call about {Address}? Are you still connected to it? Best, Kevin with Ace."
Main,How are you {Name}. Can we hop on a quick call about {Address}? Are you still associated with it? Appreciate you!
Main,How are you {Name}. Can we hop on a quick call about {Address}? Are you still associated with it? Appreciate it!
Main,"How are you {Name}. Can we hop on a quick call about {Address}? Are you still associated with it? Best, Kevin with Ace."
Main,How are you {Name}. Can we hop on a quick call about {Address}? Have you sold it? Appreciate you!
Main,How are you {Name}. Can we hop on a quick call about {Address}? Have you sold it? Appreciate it!
Main,"How are you {Name}. Can we hop on a quick call about {Address}? Have you sold it? Best, Kevin with Ace."
Main,How are you {Name}. Can I speak to you about {Address}? Do you still own it? Appreciate you!
Main,How are you {Name}. Can I speak to you about {Address}? Do you still own it? Appreciate it!
Main,"How are you {Name}. Can I speak to you about {Address}? Do you still own it? Best, Kevin with Ace."
Main,How are you {Name}. Can I speak to you about {Address}? Are you still connected to it? Appreciate you!
Main,How are you {Name}. Can I speak to you about {Address}? Are you still connected to it? Appreciate it!
Main,"How are you {Name}. Can I speak to you about {Address}? Are you still connected to it? Best, Kevin with Ace."
Main,How are you {Name}. Can I speak to you about {Address}? Are you still associated with it? Appreciate you!
Main,How are you {Name}. Can I speak to you about {Address}? Are you still associated with it? Appreciate it!
Main,"How are you {Name}. Can I speak to you about {Address}? Are you still associated with it? Best, Kevin with Ace."
Main,How are you {Name}. Can I speak to you about {Address}? Have you sold it? Appreciate you!
Main,How are you {Name}. Can I speak to you about {Address}? Have you sold it? Appreciate it!
Main,"How are you {Name}. Can I speak to you about {Address}? Have you sold it? Best, Kevin with Ace."
Main,How are you {Name}. May I call you about {Address}? Do you still own it? Appreciate you!
Main,How are you {Name}. May I call you about {Address}? Do you still own it? Appreciate it!
Main,"How are you {Name}. May I call you about {Address}? Do you still own it? Best, Kevin with Ace."
Main,How are you {Name}. May I call you about {Address}? Are you still connected to it? Appreciate you!
Main,How are you {Name}. May I call you about {Address}? Are you still connected to it? Appreciate it!
Main,"How are you {Name}. May I call you about {Address}? Are you still connected to it? Best, Kevin with Ace."
Main,How are you {Name}. May I call you about {Address}? Are you still associated with it? Appreciate you!
Main,How are you {Name}. May I call you about {Address}? Are you still associated with it? Appreciate it!
Main,"How are you {Name}. May I call you about {Address}? Are you still associated with it? Best, Kevin with Ace."
Main,How are you {Name}. May I call you about {Address}? Have you sold it? Appreciate you!
Main,How are you {Name}. May I call you about {Address}? Have you sold it? Appreciate it!
Main,"How are you {Name}. May I call you about {Address}? Have you sold it? Best, Kevin with Ace."
Main,How are you {Name}. May I speak to you about {Address}? Do you still own it? Appreciate you!
Main,How are you {Name}. May I speak to you about {Address}? Do you still own it? Appreciate it!
Main,"How are you {Name}. May I speak to you about {Address}? Do you still own it? Best, Kevin with Ace."
Main,How are you {Name}. May I speak to you about {Address}? Are you still connected to it? Appreciate you!
Main,How are you {Name}. May I speak to you about {Address}? Are you still connected to it? Appreciate it!
Main,"How are you {Name}. May I speak to you about {Address}? Are you still connected to it? Best, Kevin with Ace."
Main,How are you {Name}. May I speak to you about {Address}? Are you still associated with it? Appreciate you!
Main,How are you {Name}. May I speak to you about {Address}? Are you still associated with it? Appreciate it!
Main,"How are you {Name}. May I speak to you about {Address}? Are you still associated with it? Best, Kevin with Ace."
Main,How are you {Name}. May I speak to you about {Address}? Have you sold it? Appreciate you!
Main,How are you {Name}. May I speak to you about {Address}? Have you sold it? Appreciate it!
Main,"How are you {Name}. May I speak to you about {Address}? Have you sold it? Best, Kevin with Ace."
Main,How's it going {Name}. Can we hop on a quick call about {Address}? Do you still own it? Appreciate you!
Main,How's it going {Name}. Can we hop on a quick call about {Address}? Do you still own it? Appreciate it!
Main,"How's it going {Name}. Can we hop on a quick call about {Address}? Do you still own it? Best, Kevin with Ace."
Main,How's it going {Name}. Can we hop on a quick call about {Address}? Are you still connected to it? Appreciate you!
Main,How's it going {Name}. Can we hop on a quick call about {Address}? Are you still connected to it? Appreciate it!
Main,"How's it going {Name}. Can we hop on a quick call about {Address}? Are you still connected to it? Best, Kevin with Ace."
Main,How's it going {Name}. Can we hop on a quick call about {Address}? Are you still associated with it? Appreciate you!
Main,How's it going {Name}. Can we hop on a quick call about {Address}? Are you still associated with it? Appreciate it!
Main,"How's it going {Name}. Can we hop on a quick call about {Address}? Are you still associated with it? Best, Kevin with Ace."
Main,How's it going {Name}. Can we hop on a quick call about {Address}? Have you sold it? Appreciate you!
Main,How's it going {Name}. Can we hop on a quick call about {Address}? Have you sold it? Appreciate it!
Main,"How's it going {Name}. Can we hop on a quick call about {Address}? Have you sold it? Best, Kevin with Ace."
Main,How's it going {Name}. Can I speak to you about {Address}? Do you still own it? Appreciate you!
Main,How's it going {Name}. Can I speak to you about {Address}? Do you still own it? Appreciate it!
Main,"How's it going {Name}. Can I speak to you about {Address}? Do you still own it? Best, Kevin with Ace."
Main,How's it going {Name}. Can I speak to you about {Address}? Are you still connected to it? Appreciate you!
Main,How's it going {Name}. Can I speak to you about {Address}? Are you still connected to it? Appreciate it!
Main,"How's it going {Name}. Can I speak to you about {Address}? Are you still connected to it? Best, Kevin with Ace."
Main,How's it going {Name}. Can I speak to you about {Address}? Are you still associated with it? Appreciate you!
Main,How's it going {Name}. Can I speak to you about {Address}? Are you still associated with it? Appreciate it!
Main,"How's it going {Name}. Can I speak to you about {Address}? Are you still associated with it? Best, Kevin with Ace."
Main,How's it going {Name}. Can I speak to you about {Address}? Have you sold it? Appreciate you!
Main,How's it going {Name}. Can I speak to you about {Address}? Have you sold it? Appreciate it!
Main,"How's it going {Name}. Can I speak to you about {Address}? Have you sold it? Best, Kevin with Ace."
Main,How's it going {Name}. May I call you about {Address}? Do you still own it? Appreciate you!
Main,How's it going {Name}. May I call you about {Address}? Do you still own it? Appreciate it!
Main,"How's it going {Name}. May I call you about {Address}? Do you still own it? Best, Kevin with Ace."
Main,How's it going {Name}. May I call you about {Address}? Are you still connected to it? Appreciate you!
Main,How's it going {Name}. May I call you about {Address}? Are you still connected to it? Appreciate it!
Main,"How's it going {Name}. May I call you about {Address}? Are you still connected to it? Best, Kevin with Ace."
Main,How's it going {Name}. May I call you about {Address}? Are you still associated with it? Appreciate you!
Main,How's it going {Name}. May I call you about {Address}? Are you still associated with it? Appreciate it!
Main,"How's it going {Name}. May I call you about {Address}? Are you still associated with it? Best, Kevin with Ace."
Main,How's it going {Name}. May I call you about {Address}? Have you sold it? Appreciate you!
Main,How's it going {Name}. May I call you about {Address}? Have you sold it? Appreciate it!
Main,"How's it going {Name}. May I call you about {Address}? Have you sold it? Best, Kevin with Ace."
Main,How's it going {Name}. May I speak to you about {Address}? Do you still own it? Appreciate you!
Main,How's it going {Name}. May I speak to you about {Address}? Do you still own it? Appreciate it!
Main,"How's it going {Name}. May I speak to you about {Address}? Do you still own it? Best, Kevin with Ace."
Main,How's it going {Name}. May I speak to you about {Address}? Are you still connected to it? Appreciate you!
Main,How's it going {Name}. May I speak to you about {Address}? Are you still connected to it? Appreciate it!
Main,"How's it going {Name}. May I speak to you about {Address}? Are you still connected to it? Best, Kevin with Ace."
Main,How's it going {Name}. May I speak to you about {Address}? Are you still associated with it? Appreciate you!
Main,How's it going {Name}. May I speak to you about {Address}? Are you still associated with it? Appreciate it!
Main,"How's it going {Name}. May I speak to you about {Address}? Are you still associated with it? Best, Kevin with Ace."
Main,How's it going {Name}. May I speak to you about {Address}? Have you sold it? Appreciate you!
Main,How's it going {Name}. May I speak to you about {Address}? Have you sold it? Appreciate it!
Main,"How's it going {Name}. May I speak to you about {Address}? Have you sold it? Best, Kevin with Ace."
Alt,"Hope you're well Can I talk to you? It's about a property you own. Thanks! Kevin with Ace Holdings, GP"
Alt,"Hope you're well Can I talk to you? It's about a property you own. Thank you! Kevin with Ace Holdings, GP"
Alt,"Hope you're well Can I talk to you? It's about a property you own. This is Kevin with Ace Holdings, GP"
Alt,"Hope you're well Can I talk to you? It's about a property you own. I'm Kevin with Ace Holdings, GP"
Alt,"Hope you're well Can I talk to you? It is about a property you own. Thanks! Kevin with Ace Holdings, GP"
Alt,"Hope you're well Can I talk to you? It is about a property you own. Thank you! Kevin with Ace Holdings, GP"
Alt,"Hope you're well Can I talk to you? It is about a property you own. This is Kevin with Ace Holdings, GP"
Alt,"Hope you're well Can I talk to you? It is about a property you own. I'm Kevin with Ace Holdings, GP"
Alt,"Hope you're well Can I talk to you? Regarding a property you own. Thanks! Kevin with Ace Holdings, GP"
Alt,"Hope you're well Can I talk to you? Regarding a property you own. Thank you! Kevin with Ace Holdings, GP"
Alt,"Hope you're well Can I talk to you? Regarding a property you own. This is Kevin with Ace Holdings, GP"
Alt,"Hope you're well Can I talk to you? Regarding a property you own. I'm Kevin with Ace Holdings, GP"
Alt,"Hope you're well Can I talk to you? It is regarding a property you own. Thanks! Kevin with Ace Holdings, GP"
Alt,"Hope you're well Can I talk to you? It is regarding a property you own. Thank you! Kevin with Ace Holdings, GP"
Alt,"Hope you're well Can I talk to you? It is regarding a property you own. This is Kevin with Ace Holdings, GP"
Alt,"Hope you're well Can I talk to you? It is regarding a property you own. I'm Kevin with Ace Holdings, GP"
Alt,"Hope you're well Can I talk to you? It is in regard to a property you own. Thanks! Kevin with Ace Holdings, GP"
Alt,"Hope you're well Can I talk to you? It is in regard to a property you own. Thank you! Kevin with Ace Holdings, GP"
Alt,"Hope you're well Can I talk to you? It is in regard to a property you own. This is Kevin with Ace Holdings, GP"
Alt,"Hope you're well Can I talk to you? It is in regard to a property you own. I'm Kevin with Ace Holdings, GP"
Alt,"Hope you're well Can I call you? It's about a property you own. Thanks! Kevin with Ace Holdings, GP"
Alt,"Hope you're well Can I call you? It's about a property you own. Thank you! Kevin with Ace Holdings, GP"
Alt,"Hope you're well Can I call you? It's about a property you own. This is Kevin with Ace Holdings, GP"
Alt,"Hope you're well Can I call you? It's about a property you own. I'm Kevin with Ace Holdings, GP"
Alt,"Hope you're well Can I call you? It is about a property you own. Thanks! Kevin with Ace Holdings, GP"
Alt,"Hope you're well Can I call you? It is about a property you own. Thank you! Kevin with Ace Holdings, GP"
Alt,"Hope you're well Can I call you? It is about a property you own. This is Kevin with Ace Holdings, GP"
Alt,"Hope you're well Can I call you? It is about a property you own. I'm Kevin with Ace Holdings, GP"
Alt,"Hope you're well Can I call you? Regarding a property you own. Thanks! Kevin with Ace Holdings, GP"
Alt,"Hope you're well Can I call you? Regarding a property you own. Thank you! Kevin with Ace Holdings, GP"
Alt,"Hope you're well Can I call you? Regarding a property you own. This is Kevin with Ace Holdings, GP"
Alt,"Hope you're well Can I call you? Regarding a property you own. I'm Kevin with Ace Holdings, GP"
Alt,"Hope you're well Can I call you? It is regarding a property you own. Thanks! Kevin with Ace Holdings, GP"
Alt,"Hope you're well Can I call you? It is regarding a property you own. Thank you! Kevin with Ace Holdings, GP"
Alt,"Hope you're well Can I call you? It is regarding a property you own. This is Kevin with Ace Holdings, GP"
Alt,"Hope you're well Can I call you? It is regarding a property you own. I'm Kevin with Ace Holdings, GP"
Alt,"Hope you're well Can I call you? It is in regard to a property you own. Thanks! Kevin with Ace Holdings, GP"
Alt,"Hope you're well Can I call you? It is in regard to a property you own. Thank you! Kevin with Ace Holdings, GP"
Alt,"Hope you're well Can I call you? It is in regard to a property you own. This is Kevin with Ace Holdings, GP"
Alt,"Hope you're well Can I call you? It is in regard to a property you own. I'm Kevin with Ace Holdings, GP"
Alt,"Hope you're well May I call you? It's about a property you own. Thanks! Kevin with Ace Holdings, GP"
Alt,"Hope you're well May I call you? It's about a property you own. Thank you! Kevin with Ace Holdings, GP"
Alt,"Hope you're well May I call you? It's about a property you own. This is Kevin with Ace Holdings, GP"
Alt,"Hope you're well May I call you? It's about a property you own. I'm Kevin with Ace Holdings, GP"
Alt,"Hope you're well May I call you? It is about a property you own. Thanks! Kevin with Ace Holdings, GP"
Alt,"Hope you're well May I call you? It is about a property you own. Thank you! Kevin with Ace Holdings, GP"
Alt,"Hope you're well May I call you? It is about a property you own. This is Kevin with Ace Holdings, GP"
Alt,"Hope you're well May I call you? It is about a property you own. I'm Kevin with Ace Holdings, GP"
Alt,"Hope you're well May I call you? Regarding a property you own. Thanks! Kevin with Ace Holdings, GP"
Alt,"Hope you're well May I call you? Regarding a property you own. Thank you! Kevin with Ace Holdings, GP"
Alt,"Hope you're well May I call you? Regarding a property you own. This is Kevin with Ace Holdings, GP"
Alt,"Hope you're well May I call you? Regarding a property you own. I'm Kevin with Ace Holdings, GP"
Alt,"Hope you're well May I call you? It is regarding a property you own. Thanks! Kevin with Ace Holdings, GP"
Alt,"Hope you're well May I call you? It is regarding a property you own. Thank you! Kevin with Ace Holdings, GP"
Alt,"Hope you're well May I call you? It is regarding a property you own. This is Kevin with Ace Holdings, GP"
Alt,"Hope you're well May I call you? It is regarding a property you own. I'm Kevin with Ace Holdings, GP"
Alt,"Hope you're well May I call you? It is in regard to a property you own. Thanks! Kevin with Ace Holdings, GP"
Alt,"Hope you're well May I call you? It is in regard to a property you own. Thank you! Kevin with Ace Holdings, GP"
Alt,"Hope you're well May I call you? It is in regard to a property you own. This is Kevin with Ace Holdings, GP"
Alt,"Hope you're well May I call you? It is in regard to a property you own. I'm Kevin with Ace Holdings, GP"
Alt,"Hope you're well May I speak to you? It's about a property you own. Thanks! Kevin with Ace Holdings, GP"
Alt,"Hope you're well May I speak to you? It's about a property you own. Thank you! Kevin with Ace Holdings, GP"
Alt,"Hope you're well May I speak to you? It's about a property you own. This is Kevin with Ace Holdings, GP"
Alt,"Hope you're well May I speak to you? It's about a property you own. I'm Kevin with Ace Holdings, GP"
Alt,"Hope you're well May I speak to you? It is about a property you own. Thanks! Kevin with Ace Holdings, GP"
Alt,"Hope you're well May I speak to you? It is about a property you own. Thank you! Kevin with Ace Holdings, GP"
Alt,"Hope you're well May I speak to you? It is about a property you own. This is Kevin with Ace Holdings, GP"
Alt,"Hope you're well May I speak to you? It is about a property you own. I'm Kevin with Ace Holdings, GP"
Alt,"Hope you're well May I speak to you? Regarding a property you own. Thanks! Kevin with Ace Holdings, GP"
Alt,"Hope you're well May I speak to you? Regarding a property you own. Thank you! Kevin with Ace Holdings, GP"
Alt,"Hope you're well May I speak to you? Regarding a property you own. This is Kevin with Ace Holdings, GP"
Alt,"Hope you're well May I speak to you? Regarding a property you own. I'm Kevin with Ace Holdings, GP"
Alt,"Hope you're well May I speak to you? It is regarding a property you own. Thanks! Kevin with Ace Holdings, GP"
Alt,"Hope you're well May I speak to you? It is regarding a property you own. Thank you! Kevin with Ace Holdings, GP"
Alt,"Hope you're well May I speak to you? It is regarding a property you own. This is Kevin with Ace Holdings, GP"
Alt,"Hope you're well May I speak to you? It is regarding a property you own. I'm Kevin with Ace Holdings, GP"
Alt,"Hope you're well May I speak to you? It is in regard to a property you own. Thanks! Kevin with Ace Holdings, GP"
Alt,"Hope you're well May I speak to you? It is in regard to a property you own. Thank you! Kevin with Ace Holdings, GP"
Alt,"Hope you're well May I speak to you? It is in regard to a property you own. This is Kevin with Ace Holdings, GP"
Alt,"Hope you're well May I speak to you? It is in regard to a property you own. I'm Kevin with Ace Holdings, GP"
Alt,"Good day Can I talk to you? It's about a property you own. Thanks! Kevin with Ace Holdings, GP"
Alt,"Good day Can I talk to you? It's about a property you own. Thank you! Kevin with Ace Holdings, GP"
Alt,"Good day Can I talk to you? It's about a property you own. This is Kevin with Ace Holdings, GP"
Alt,"Good day Can I talk to you? It's about a property you own. I'm Kevin with Ace Holdings, GP"
Alt,"Good day Can I talk to you? It is about a property you own. Thanks! Kevin with Ace Holdings, GP"
Alt,"Good day Can I talk to you? It is about a property you own. Thank you! Kevin with Ace Holdings, GP"
Alt,"Good day Can I talk to you? It is about a property you own. This is Kevin with Ace Holdings, GP"
Alt,"Good day Can I talk to you? It is about a property you own. I'm Kevin with Ace Holdings, GP"
Alt,"Good day Can I talk to you? Regarding a property you own. Thanks! Kevin with Ace Holdings, GP"
Alt,"Good day Can I talk to you? Regarding a property you own. Thank you! Kevin with Ace Holdings, GP"
Alt,"Good day Can I talk to you? Regarding a property you own. This is Kevin with Ace Holdings, GP"
Alt,"Good day Can I talk to you? Regarding a property you own. I'm Kevin with Ace Holdings, GP"
Alt,"Good day Can I talk to you? It is regarding a property you own. Thanks! Kevin with Ace Holdings, GP"
Alt,"Good day Can I talk to you? It is regarding a property you own. Thank you! Kevin with Ace Holdings, GP"
Alt,"Good day Can I talk to you? It is regarding a property you own. This is Kevin with Ace Holdings, GP"
Alt,"Good day Can I talk to you? It is regarding a property you own. I'm Kevin with Ace Holdings, GP"
Alt,"Good day Can I talk to you? It is in regard to a property you own. Thanks! Kevin with Ace Holdings, GP"
Alt,"Good day Can I talk to you? It is in regard to a property you own. Thank you! Kevin with Ace Holdings, GP"
Alt,"Good day Can I talk to you? It is in regard to a property you own. This is Kevin with Ace Holdings, GP"
Alt,"Good day Can I talk to you? It is in regard to a property you own. I'm Kevin with Ace Holdings, GP"
Alt,"Good day Can I call you? It's about a property you own. Thanks! Kevin with Ace Holdings, GP"
Alt,"Good day Can I call you? It's about a property you own. Thank you! Kevin with Ace Holdings, GP"
Alt,"Good day Can I call you? It's about a property you own. This is Kevin with Ace Holdings, GP"
Alt,"Good day Can I call you? It's about a property you own. I'm Kevin with Ace Holdings, GP"
Alt,"Good day Can I call you? It is about a property you own. Thanks! Kevin with Ace Holdings, GP"
Alt,"Good day Can I call you? It is about a property you own. Thank you! Kevin with Ace Holdings, GP"
Alt,"Good day Can I call you? It is about a property you own. This is Kevin with Ace Holdings, GP"
Alt,"Good day Can I call you? It is about a property you own. I'm Kevin with Ace Holdings, GP"
Alt,"Good day Can I call you? Regarding a property you own. Thanks! Kevin with Ace Holdings, GP"
Alt,"Good day Can I call you? Regarding a property you own. Thank you! Kevin with Ace Holdings, GP"
Alt,"Good day Can I call you? Regarding a property you own. This is Kevin with Ace Holdings, GP"
Alt,"Good day Can I call you? Regarding a property you own. I'm Kevin with Ace Holdings, GP"
Alt,"Good day Can I call you? It is regarding a property you own. Thanks! Kevin with Ace Holdings, GP"
Alt,"Good day Can I call you? It is regarding a property you own. Thank you! Kevin with Ace Holdings, GP"
Alt,"Good day Can I call you? It is regarding a property you own. This is Kevin with Ace Holdings, GP"
Alt,"Good day Can I call you? It is regarding a property you own. I'm Kevin with Ace Holdings, GP"
Alt,"Good day Can I call you? It is in regard to a property you own. Thanks! Kevin with Ace Holdings, GP"
Alt,"Good day Can I call you? It is in regard to a property you own. Thank you! Kevin with Ace Holdings, GP"
Alt,"Good day Can I call you? It is in regard to a property you own. This is Kevin with Ace Holdings, GP"
Alt,"Good day Can I call you? It is in regard to a property you own. I'm Kevin with Ace Holdings, GP"
Alt,"Good day May I call you? It's about a property you own. Thanks! Kevin with Ace Holdings, GP"
Alt,"Good day May I call you? It's about a property you own. Thank you! Kevin with Ace Holdings, GP"
Alt,"Good day May I call you? It's about a property you own. This is Kevin with Ace Holdings, GP"
Alt,"Good day May I call you? It's about a property you own. I'm Kevin with Ace Holdings, GP"
Alt,"Good day May I call you? It is about a property you own. Thanks! Kevin with Ace Holdings, GP"
Alt,"Good day May I call you? It is about a property you own. Thank you! Kevin with Ace Holdings, GP"
Alt,"Good day May I call you? It is about a property you own. This is Kevin with Ace Holdings, GP"
Alt,"Good day May I call you? It is about a property you own. I'm Kevin with Ace Holdings, GP"
Alt,"Good day May I call you? Regarding a property you own. Thanks! Kevin with Ace Holdings, GP"
Alt,"Good day May I call you? Regarding a property you own. Thank you! Kevin with Ace Holdings, GP"
Alt,"Good day May I call you? Regarding a property you own. This is Kevin with Ace Holdings, GP"
Alt,"Good day May I call you? Regarding a property you own. I'm Kevin with Ace Holdings, GP"
Alt,"Good day May I call you? It is regarding a property you own. Thanks! Kevin with Ace Holdings, GP"
Alt,"Good day May I call you? It is regarding a property you own. Thank you! Kevin with Ace Holdings, GP"
Alt,"Good day May I call you? It is regarding a property you own. This is Kevin with Ace Holdings, GP"
Alt,"Good day May I call you? It is regarding a property you own. I'm Kevin with Ace Holdings, GP"
Alt,"Good day May I call you? It is in regard to a property you own. Thanks! Kevin with Ace Holdings, GP"
Alt,"Good day May I call you? It is in regard to a property you own. Thank you! Kevin with Ace Holdings, GP"
Alt,"Good day May I call you? It is in regard to a property you own. This is Kevin with Ace Holdings, GP"
